<?xml version="1.0" encoding="windows-1251"?>
<xdms:container xmlns:xdms="http://sd-praktika.ru/container" xdms:version="1.0"><xdms:registrationStamp xdms:localName="317174_number.png"><xdms:position><xdms:page>1</xdms:page><xdms:topLeft><xdms:x>27</xdms:x><xdms:y>96</xdms:y></xdms:topLeft><xdms:dimension><xdms:w>73</xdms:w><xdms:h>6</xdms:h></xdms:dimension></xdms:position></xdms:registrationStamp><xdms:signatureStamp xdms:localName="317177_stamp.png"><xdms:position><xdms:page>1</xdms:page><xdms:topLeft><xdms:x>86</xdms:x><xdms:y>251</xdms:y></xdms:topLeft><xdms:dimension><xdms:w>58</xdms:w><xdms:h>25</xdms:h></xdms:dimension></xdms:position></xdms:signatureStamp></xdms:container>
